{
  "pycaret_model": "Pipeline",
  "pycaret_train_r2": 0.97517039390019,
  "pycaret_cv_r2": 0.8207,
  "pycaret_test_r2": 0.9171140061537898,
  "pycaret_train_test_gap": 0.058056387746400206,
  "pycaret_overfit_verdict": "watch",
  "pycaret_train_rmse": 6.975116168134412,
  "pycaret_test_rmse": 11.785245759467935,
  "pycaret_scored_artifact": "C:\\Users\\prash\\OneDrive\\2026\\Training\\K21Academy\\MLOps\\Module 2\\MLOPS_Pune_Price_Prediction_Project\\model\\pycaret_pune_real_estate.pkl",
  "pycaret_deploy_artifact": "C:\\Users\\prash\\OneDrive\\2026\\Training\\K21Academy\\MLOps\\Module 2\\MLOPS_Pune_Price_Prediction_Project\\model\\pycaret_pune_real_estate_DEPLOY.pkl",
  "pycaret_n_train_scored": 159,
  "pycaret_n_train_deployed": 199,
  "pycaret_rmse": 11.785245759467935,
  "pycaret_r2": 0.9171140061537898,
  "lab3_train_r2": 0.8639612853609461,
  "lab3_test_r2": 0.8772817671651977,
  "lab3_train_test_gap": -0.013320481804251605,
  "lab3_overfit_verdict": "healthy",
  "lab3_train_rmse": 16.32667658889613,
  "lab3_test_rmse": 14.340114370789005,
  "lab3_rmse": 14.340114370789005,
  "lab3_r2": 0.8772817671651977
}