{
  "pycaret_model": "Pipeline",
  "pycaret_rmse": 11.785245759467934,
  "pycaret_r2": 0.9171140061537899,
  "lab3_rmse": 15.752653437299083,
  "lab3_r2": 0.8519149216158644
}