{
  "rmse": 15.648294470305721,
  "mae": 11.115329515524193,
  "r2": 0.853870505242838,
  "ridge_alpha": 10,
  "lasso_alpha": 0.1,
  "n_train": 159,
  "n_test": 40,
  "interval_margin": 31.49076018588557
}