{
  "rmse": 15.752653437299085,
  "mae": 11.45530976657171,
  "r2": 0.8519149216158642,
  "ridge_alpha": 1.0,
  "lasso_alpha": 0.1,
  "n_train": 159,
  "n_test": 40,
  "interval_margin": 31.348644674679363
}